time/iterations,rollout/ep_len_mean,time/time_elapsed,time/total_timesteps,rollout/ep_rew_mean,time/fps,train/learning_rate,train/approx_kl,train/loss,train/clip_range,train/value_loss,train/explained_variance,train/policy_gradient_loss,train/entropy_loss,train/n_updates,train/clip_fraction
1,1000.0,49,2048,-55.012168,41,,,,,,,,,,
2,1000.0,126,4096,-48.7854095,32,0.0003,0.011137604,0.0841175764799118,0.2,0.7204358898103237,0.004014909267425537,-0.012431881464726758,-1.598595953732729,10,0.13603515625
3,1000.0,204,6144,-43.04402116666666,30,0.0003,0.012434501,0.20767904818058014,0.2,0.6989331202581525,0.019368231296539307,-0.012463213378214277,-1.5735734324902295,20,0.174658203125
4,1000.0,296,8192,-31.778713125,27,0.0003,0.01966,0.12621480226516724,0.2,0.4770201569423079,-0.1208944320678711,-0.022750730223197024,-1.524705970659852,30,0.18369140625
5,1000.0,389,10240,-31.3761477,26,0.0003,0.019265015,0.2180701494216919,0.2,0.7147411776706576,0.3013480305671692,-0.017836067313328385,-1.469138141348958,40,0.123583984375
6,1000.0,472,12288,-32.32757183333333,26,0.0003,0.01576242,0.05264947935938835,0.2,0.6110846896888689,0.6140722930431366,-0.007941970549291,-1.490239705890417,50,0.1498046875
7,1000.0,553,14336,-27.674923857142858,25,0.0003,0.01225492,0.1269824206829071,0.2,0.6017674070317298,0.7692188024520874,-0.005928924697218463,-1.456495800241828,60,0.158349609375
8,1000.0,634,16384,-27.8667441875,25,0.0003,0.015675912,0.06624208390712738,0.2,0.28624626687960697,0.8564328849315643,-0.012843676799093373,-1.4593724310398102,70,0.187841796875
9,994.8888888888889,715,18432,-33.43133255555555,25,0.0003,0.011321373,0.050158336758613586,0.2,0.21942497073905542,0.9601040594279766,-0.010433325488702395,-1.4106930032372476,80,0.132470703125
10,924.6818181818181,798,20480,-24.501795409090906,25,0.0003,0.36990225,0.5170739889144897,0.2,7.165212101489305,0.5428556501865387,0.020422507270995992,-1.2163044415414332,90,0.4580078125
11,930.9583333333334,880,22528,-11.688442500000003,25,0.0003,0.012494575,2.742046356201172,0.2,13.57548393011093,0.6838361024856567,0.010989275379688478,-1.1723697965964675,100,0.30673828125
12,936.2692307692307,962,24576,-0.8338386538461566,25,0.0003,0.012992287,1.5813251733779907,0.2,5.449872602149844,0.8883267715573311,0.0006714872797601856,-1.1981910057365894,110,0.205224609375
13,940.8214285714286,1179,26624,11.080242607142853,22,0.0003,0.02239455,0.45945268869400024,0.2,3.914607167802751,0.9112816825509071,-0.007524582694168202,-1.2607128649950028,120,0.134716796875
14,944.7666666666667,1264,28672,19.547301299999997,22,0.0003,0.01708821,1.4069106578826904,0.2,5.1456651832908396,0.9215133264660835,-0.006402923188579735,-1.0800552448257803,130,0.14775390625
15,948.21875,1346,30720,41.55966184375,22,0.0003,0.013561197,0.8041080832481384,0.2,6.899468587338925,0.9201260581612587,-0.013163767348669354,-1.081203617155552,140,0.17744140625
16,951.2647058823529,1431,32768,58.361860323529406,22,0.0003,0.020739034,1.2656587362289429,0.2,9.7238390956074,0.8896730169653893,-0.001763967289298307,-1.0815725650638341,150,0.244921875
17,953.9722222222222,1516,34816,75.26051247222222,22,0.0003,0.019412346,5.55876350402832,0.2,15.144927103817462,0.8737964630126953,-0.0026578453340334817,-0.986922729946673,160,0.188427734375
18,956.3947368421053,1600,36864,88.07610402631579,23,0.0003,0.03257732,1.190020203590393,0.2,10.540700758993626,0.8253615945577621,-0.007786400594341103,-1.0192113380879164,170,0.24736328125
19,958.575,1681,38912,103.6988975,23,0.0003,0.027250173,0.9626707434654236,0.2,7.860554896295071,0.9067938253283501,-0.003686201327946037,-1.0240426452830433,180,0.24296875
20,960.547619047619,1772,40960,111.35368633333334,23,0.0003,0.013443174,1.0502816438674927,0.2,7.2162398368120195,0.9297119155526161,-0.00879750234016683,-0.9767813378944993,190,0.21328125
21,962.3409090909091,1853,43008,125.47839961363638,23,0.0003,0.03188362,0.42623618245124817,0.2,3.699313104711473,0.9566389881074429,-0.015124505566200241,-1.1336077427491547,200,0.260498046875
22,961.0217391304348,1935,45056,130.30654108695654,23,0.0003,0.038879875,2.9417617321014404,0.2,11.804436074569821,0.9303452223539352,-0.008559508906910197,-0.9706604892387987,210,0.2576171875
23,962.6458333333334,2015,47104,131.491321,23,0.0003,0.089343116,0.825569748878479,0.2,7.697333043254912,0.9144889041781425,-0.012500848996569402,-1.151059319637716,220,0.23046875
24,964.14,2097,49152,126.62658634000002,23,0.0003,0.023154568,0.17128251492977142,0.2,1.213568116701208,0.9671415500342846,-0.003294619506777963,-1.2978348452597857,230,0.221826171875
25,965.5192307692307,2286,51200,125.39780513461541,22,0.0003,0.023367682,0.28074467182159424,0.2,1.8808717756532132,0.9710728377103806,-0.012311148850130849,-1.261046575754881,240,0.203466796875
26,967.4,2368,53248,141.1746919636364,22,0.0003,0.022503892,0.8745325803756714,0.2,3.36494000479579,0.9603594541549683,0.0016638423257973045,-1.1768856544047595,250,0.203759765625
27,968.5438596491229,2451,55296,147.93534182456142,22,0.0003,0.027410485,1.417365550994873,0.2,11.59200306981802,0.9114575535058975,-0.00897611909895204,-0.9064744060859085,260,0.21572265625
28,969.6101694915254,2533,57344,153.97881133898306,22,0.0003,0.029033706,0.41567462682724,0.2,5.395495301298797,0.970226489007473,-0.0015763277289806866,-1.0490591030567884,270,0.2541015625
29,970.6065573770492,2616,59392,161.10691978688527,22,0.0003,0.037575558,1.230729341506958,0.2,9.137354788929224,0.941574938595295,-0.009014981614018324,-1.0640155144035817,280,0.25146484375
30,971.5396825396825,2699,61440,182.28748022222223,22,0.0003,0.09837389,1.4443491697311401,0.2,11.558441412448882,0.9015859365463257,0.0023874123413406777,-0.9949736261740327,290,0.250048828125
31,972.4153846153846,2783,63488,199.03154506153848,22,0.0003,0.036089793,8.447007179260254,0.2,23.89740888774395,0.7683315128087997,-0.006666340716765262,-0.8751355230808258,300,0.2421875
32,973.2388059701492,2865,65536,209.99013826865672,22,0.0003,0.02738808,1.6898306608200073,0.2,14.215089229494334,0.9201179966330528,-0.005600397514353972,-0.9530844755470753,310,0.2380859375
33,974.0144927536232,2948,67584,213.1457443188406,22,0.0003,0.038717717,2.325052261352539,0.2,16.092141826450824,0.8233127593994141,-0.0078228398662759,-0.9513729963451624,320,0.304248046875
34,974.7464788732394,3031,69632,213.76035312676058,22,0.0003,0.07317436,0.36435648798942566,0.2,5.0878317134454845,0.955842848867178,0.010685137788095744,-1.1627702433615923,330,0.37001953125
35,975.4383561643835,3114,71680,212.76048628767126,23,0.0003,0.054820918,0.9114125370979309,0.2,5.323263907898218,0.9439105652272701,-0.001398691994836554,-1.1520904168486594,340,0.326123046875
36,976.0933333333334,3196,73728,216.89464026666667,23,0.0003,0.038672745,0.657285749912262,0.2,5.748612409830093,0.96036122366786,-0.010686462563171517,-1.2203324247151612,350,0.2201171875
37,976.7142857142857,3403,75776,210.32868370129873,22,0.0003,0.018119106,0.8958972692489624,0.2,3.8517604850232603,0.9528785459697247,-0.0010158006669371388,-1.0974207252264023,360,0.263037109375
38,977.3037974683544,3487,77824,208.77839459493674,22,0.0003,0.05670979,1.0473209619522095,0.2,2.4873848751187326,0.8132091909646988,-0.0032296145378495566,-1.0737965429201721,370,0.262255859375
39,977.8641975308642,3573,79872,210.89755874074075,22,0.0003,0.018789064,0.6999406814575195,0.2,4.343229823186993,0.8755292519927025,-0.0023469696985557674,-1.0199794288724662,380,0.1978515625
40,978.3975903614457,3657,81920,216.69909809638557,22,0.0003,0.027954534,0.7255220413208008,0.2,4.576458141580224,0.8745208829641342,-0.008872093608079012,-0.9475251145660877,390,0.203564453125
41,978.9058823529411,3743,83968,213.9571981529412,22,0.0003,0.022100247,0.6584513783454895,0.2,3.3710426926612853,0.9319300875067711,-0.0010534219458349981,-1.0741014745086432,400,0.20341796875
42,979.3908045977012,3826,86016,214.5476312758621,22,0.0003,0.023998968,0.43246230483055115,0.2,4.2040093299001455,0.9670128300786018,-0.006629923945001792,-1.0322098135948181,410,0.218798828125
43,979.8539325842696,3911,88064,210.70461737078654,22,0.0003,0.023797791,0.256992906332016,0.2,1.237101064901799,0.9704339038580656,-0.009418173209996893,-1.224277250468731,420,0.19248046875
44,980.2967032967033,3996,90112,212.54198593406596,22,0.0003,0.019308742,0.20922116935253143,0.2,1.3157284113112837,0.9707800727337599,-0.00470579910906963,-1.18086888641119,430,0.18662109375
45,980.7204301075269,4080,92160,207.50928370967748,22,0.0003,0.022820577,0.456042617559433,0.2,2.706582229025662,0.9400681555271149,-0.004291456718055997,-1.1076860209926962,440,0.2435546875
46,981.3229166666666,4165,94208,206.90612406250003,22,0.0003,0.020700578,0.2368961125612259,0.2,0.7374558807350695,0.9556773155927658,-0.017926273513876368,-1.3204715885221958,450,0.2373046875
47,981.704081632653,4249,96256,205.2422733061225,22,0.0003,0.023805954,0.4042734205722809,0.2,3.0889745115302505,0.928608700633049,-0.016426115424837916,-1.0040911899879574,460,0.20703125
48,982.07,4333,98304,211.90264544000004,22,0.0003,0.02620219,0.8418468236923218,0.2,1.7420985132455826,0.9535074681043625,-0.014446284972655122,-1.2029028587043284,470,0.22958984375
49,982.07,4544,100352,220.09319758,22,0.0003,0.020692773,0.9424957036972046,0.2,5.671899547800422,0.9185318499803543,-0.01515430394501891,-0.740190214663744,480,0.1873046875
50,982.07,4633,102400,228.39886631999997,22,0.0003,0.03227619,1.0095245838165283,0.2,6.673076887242496,0.9467465579509735,-0.013356526984716765,-1.0623397508636117,490,0.2365234375
51,982.07,4717,104448,240.14121243999998,22,0.0003,0.031505063,1.371392846107483,0.2,6.015300937183201,0.9390986487269402,-0.011731100151519059,-0.9183003457263113,500,0.2544921875
52,982.07,4801,106496,252.81856636999998,22,0.0003,0.041102104,1.3296705484390259,0.2,6.723251212015748,0.9490159787237644,-0.008989855510299094,-0.8785594508051873,510,0.2400390625
53,982.07,4881,108544,257.77861838999996,22,0.0003,0.036126435,0.9690573811531067,0.2,11.5786670897156,0.8911372870206833,-0.0036178631358779966,-0.8664041955024004,520,0.307470703125
54,982.07,4965,110592,267.42155439,22,0.0003,0.021957643,0.7057542204856873,0.2,2.68517883149907,0.9797454550862312,-0.0038178955655894242,-1.062030155956745,530,0.24990234375
55,982.07,5046,112640,267.752182,22,0.0003,0.03916393,0.5702422857284546,0.2,6.909230437316,0.9544763080775738,-0.010015689437568653,-0.9755856428295374,540,0.286328125
56,982.07,5129,114688,275.11800948,22,0.0003,0.026377052,0.22554223239421844,0.2,1.5264014388434588,0.9860308049246669,0.0010772663837997243,-1.1626953028142453,550,0.24736328125
57,982.99,5211,116736,283.47816204000003,22,0.0003,0.03191237,0.7345893383026123,0.2,5.0711594267748294,0.9441868886351585,-0.008763377639115787,-0.8572239059954881,560,0.231005859375
58,992.87,5294,118784,294.38484108000006,22,0.0003,0.028709505,0.6490153670310974,0.2,6.536595421470702,0.9587545990943909,-0.015085032358183526,-0.9603524258360266,570,0.2142578125
59,998.64,5377,120832,302.31982991000007,22,0.0003,0.02772116,0.9558712244033813,0.2,9.887505868077278,0.8524322211742401,-0.009291816462791758,-0.7187416672706604,580,0.267626953125
60,998.64,5463,122880,308.86182345000003,22,0.0003,0.027574781,1.303812861442566,0.2,3.6564747115597127,0.9758980292826891,-0.006416978185006883,-0.8735661355778574,590,0.21318359375
61,998.64,5546,124928,311.99840115,22,0.0003,0.026156394,0.6777222752571106,0.2,3.752100883051753,0.9601325951516628,-0.016173636610619723,-0.7322087522596121,600,0.214794921875
62,998.64,5737,126976,314.46549,22,0.0003,0.064835675,0.16159704327583313,0.2,2.4159052550792692,0.9696114044636488,-0.012120910233352333,-1.0061621522530912,610,0.27255859375
63,998.64,5818,129024,320.73145343,22,0.0003,0.041635044,1.306796908378601,0.2,8.983720975369215,0.9525230042636395,-0.0046946199538069775,-0.7439351392909884,620,0.223828125
64,998.64,5901,131072,329.51367645,22,0.0003,0.027901351,0.6486294865608215,0.2,6.236390360072255,0.9590291194617748,-0.007979781815083697,-0.9340635692700744,630,0.25087890625
65,998.64,5982,133120,333.18206283,22,0.0003,0.028696375,2.074662208557129,0.2,8.965483754873276,0.9607245735824108,-0.009142464888282121,-0.6342859494499862,640,0.19189453125
66,998.64,6064,135168,328.71918962999996,22,0.0003,0.042741112,0.591780424118042,0.2,2.600132173858583,0.9816452730447054,-0.002562301508442033,-1.089238383062184,650,0.2673828125
67,992.5,6147,137216,327.87481395000003,22,0.0003,0.038124114,0.44208237528800964,0.2,3.771473188046366,0.9816363230347633,-0.0001865454891230911,-1.0033551096916198,660,0.248779296875
68,990.56,6229,139264,331.50196899,22,0.0003,0.0788367,1.7501494884490967,0.2,9.863073932006955,0.9496352858841419,-0.008676469555939547,-0.7543504551053047,670,0.2451171875
69,989.44,6311,141312,333.9166754099999,22,0.0003,0.050487973,1.7231109142303467,0.2,8.300840730220079,0.9688773043453693,-0.004052541853161529,-0.911467830836773,680,0.289990234375
70,985.1,6393,143360,338.62768144,22,0.0003,0.061857924,1.0943721532821655,0.2,20.569606671854853,0.9130806848406792,-0.015468647505622357,-0.5559621125459671,690,0.227099609375
71,979.67,6475,145408,342.06679189999994,22,0.0003,0.03153652,1.8513134717941284,0.2,24.45969750508666,0.9320852011442184,0.019647625682409853,-0.5546585910022259,700,0.2359375
72,977.36,6556,147456,350.39968046,22,0.0003,0.08988801,1.5827653408050537,0.2,15.522959716245532,0.9487214349210262,-0.003986715010250918,-0.7502566374838352,710,0.322412109375
73,971.2,6640,149504,351.80543268,22,0.0003,0.065193295,2.2639129161834717,0.2,13.854105129465461,0.9482188373804092,-0.0006060300678655039,-0.7290425132960081,720,0.291748046875
74,971.2,6847,151552,356.1980304800001,22,0.0003,0.10834096,3.1274678707122803,0.2,34.03949603401124,0.8484383672475815,-0.003861585863342043,-0.5595319606363773,730,0.258740234375
75,971.2,6928,153600,355.47543339000003,22,0.0003,0.043279942,3.2457692623138428,0.2,11.890603639930486,0.9515716768801212,0.00347555001208093,-0.6925418387167156,740,0.250244140625
76,971.2,7011,155648,357.96172481,22,0.0003,0.032860562,1.147489070892334,0.2,5.825400224514306,0.9678610526025295,-0.006999748425005237,-0.7667128693312406,750,0.260693359375
77,971.2,7093,157696,355.83023653000004,22,0.0003,0.04865749,1.0682752132415771,0.2,9.748731136508287,0.9625168964266777,-0.0014049452147446573,-0.7736435379832983,760,0.276025390625
78,971.2,7177,159744,355.3735558599999,22,0.0003,0.055181444,1.5843665599822998,0.2,12.06870596371591,0.947068564593792,0.0069449634465854615,-0.616139496024698,770,0.20966796875
79,971.2,7261,161792,360.06667217,22,0.0003,0.02767646,2.2373783588409424,0.2,15.38913386389613,0.891566127538681,0.00045538100675912574,-0.472183820605278,780,0.1875
80,971.2,7345,163840,362.27662644000003,22,0.0003,0.09319772,0.8959096074104309,0.2,6.430157312378287,0.9598843976855278,-0.008434783364646137,-0.6991397228091956,790,0.2890625
81,971.2,7428,165888,361.00508965000006,22,0.0003,0.10077222,1.9922711849212646,0.2,8.828567235544323,0.8808906003832817,0.026473126866767414,-0.6295038717798889,800,0.31318359375
82,971.2,7512,167936,374.99266635,22,0.0003,0.044975318,0.9859402179718018,0.2,10.605577387101949,0.9309662878513336,-0.002161905607499648,-0.6893065600655973,810,0.281005859375
83,971.2,7596,169984,384.83934424,22,0.0003,0.2112816,1.4587955474853516,0.2,9.054523115232588,0.8657948523759842,0.027750051717157477,-0.5578865277580917,820,0.2951171875
84,970.49,7681,172032,396.20583512999997,22,0.0003,0.035006866,1.80282723903656,0.2,11.405761086940766,0.8126870393753052,0.002854227094212547,-0.6188755098730325,830,0.248193359375
85,970.49,7764,174080,414.3536100899999,22,0.0003,0.0548081,2.181917667388916,0.2,10.765865506604314,0.6494979858398438,0.010176896324264818,-0.6213084508664906,840,0.291845703125
86,970.49,7970,176128,420.9115523599999,22,0.0003,0.05744859,1.6934140920639038,0.2,11.488107743114233,0.5595557987689972,0.004975568338704761,-0.7361788254231214,850,0.317578125
87,970.49,8056,178176,433.07220818,22,0.0003,0.04684087,1.2259448766708374,0.2,8.138714587315917,0.6601350605487823,0.012692759785568341,-0.6830473642796278,860,0.26826171875
88,970.08,8139,180224,453.09118887999995,22,0.0003,0.04206191,1.0394952297210693,0.2,11.739067305251956,0.8310873657464981,0.0007912197441328316,-0.5779083817265928,870,0.22802734375
89,970.08,8225,182272,464.7542504499999,22,0.0003,0.09046322,1.881653904914856,0.2,10.728099665790797,0.8283607214689255,-0.001174557982449187,-0.504412917047739,880,0.20751953125
90,968.96,8311,184320,481.9955801999999,22,0.0003,0.02917786,2.078279495239258,0.2,11.870627599209547,0.8235623240470886,-0.008429157342470716,-0.544978121574968,890,0.22109375
91,968.96,8397,186368,490.31711400999995,22,0.0003,0.031754397,2.230123281478882,0.2,7.914289238676429,0.9003015458583832,0.011164378657122142,-0.5731678849086166,900,0.226318359375
92,968.96,8484,188416,508.05671977,22,0.0003,0.022599483,0.7262684106826782,0.2,7.012509251758456,0.9274037107825279,-0.0090396860439796,-0.6082749145105482,910,0.2091796875
93,968.96,8566,190464,522.2828221699999,22,0.0003,0.038894556,1.256080985069275,0.2,7.959204786270857,0.8817917183041573,0.013849958381615578,-0.614619005471468,920,0.2939453125
94,968.3,8650,192512,537.73160214,22,0.0003,0.0466262,1.6535524129867554,0.2,17.047489370405675,0.807475745677948,0.00806330882187467,-0.5625456238165498,930,0.28466796875
95,968.3,8734,194560,546.64393881,22,0.0003,0.052391525,1.297512412071228,0.2,8.051767920702696,0.9020139127969742,0.0037708628093241713,-0.6764528037980199,940,0.27421875
96,968.3,8818,196608,551.3223224500001,22,0.0003,0.054488827,1.1355373859405518,0.2,6.547789262235165,0.9224026501178741,0.010997220239369198,-0.6956406131386756,950,0.323046875
97,968.3,8902,198656,551.57667652,22,0.0003,0.13709953,1.9541391134262085,0.2,8.00969613008201,0.910597950220108,-0.001807288268173579,-0.7312882076948881,960,0.3103515625
98,968.3,9111,200704,540.3522672,22,0.0003,0.07635682,0.9139565825462341,0.2,4.582811055332423,0.8483252674341202,0.010862638753314969,-0.453620535240043,970,0.181494140625
99,968.3,9195,202752,523.71904531,22,0.0003,0.09341098,0.37941980361938477,0.2,3.0349987332243473,0.8570672273635864,0.007385309298115317,-1.0790539970621467,980,0.399267578125
100,968.3,9280,204800,516.3747986599999,22,0.0003,0.019334838,0.3408929705619812,0.2,1.9638546749250962,0.8616477251052856,0.01855600421113195,-0.8832451463676989,990,0.308251953125
101,968.3,9367,206848,508.07432194999996,22,0.0003,0.007604965,0.1313331425189972,0.2,1.0979639339610003,0.05401211977005005,0.0034586792906338816,-1.0119346283376216,1000,0.231494140625
102,968.3,9454,208896,499.34741624000003,22,0.0003,0.03315632,0.29351022839546204,0.2,0.7578484939411283,0.5816467106342316,0.0007665740071388427,-1.126124986447394,1010,0.24794921875
103,968.3,9541,210944,493.3500962300001,22,0.0003,0.010225356,0.09715687483549118,0.2,0.5498024899803567,0.7863302975893021,-0.0039472531912906565,-0.8719501823186875,1020,0.128759765625
104,968.3,9626,212992,486.06376359,22,0.0003,0.015555007,0.1830834448337555,0.2,0.4414091768558137,0.6405426561832428,-0.0013261677231639624,-0.8219582354649901,1030,0.140283203125
105,968.3,9714,215040,468.39002552,22,0.0003,0.009981459,0.012134571559727192,0.2,0.32013701903633773,0.7504576146602631,-0.0007094109038007446,-0.7663794024847448,1040,0.101953125
106,968.3,9800,217088,458.13327284,22,0.0003,0.015929312,0.0059874169528484344,0.2,0.30715626875171437,0.5755054652690887,-0.006916197729879059,-1.2411483507603407,1050,0.1279296875
107,968.3,9888,219136,447.2018094400001,22,0.0003,0.024598498,0.10091537237167358,0.2,0.2824908966431394,0.7479952871799469,-0.0030301666003651915,-0.776913982629776,1060,0.14638671875
108,968.3,9975,221184,439.67135489,22,0.0003,0.006272343,0.014194346964359283,0.2,0.18061141768703237,0.7337398827075958,-0.00833451409562258,-0.9058590499684215,1070,0.085107421875
109,968.3,10061,223232,432.07061879,22,0.0003,0.005991713,0.012042486108839512,0.2,0.09922517510131001,0.7636291086673737,-0.004466788533318322,-0.6049284301698208,1080,0.062255859375
110,968.3,10273,225280,421.21522983,21,0.0003,0.009804936,-0.007944183424115181,0.2,0.09648832476814277,0.8781463727355003,-0.007878715184051543,-0.5518665376119316,1090,0.071435546875
111,968.3,10358,227328,403.22367251,21,0.0003,0.0051109763,-0.0006227418780326843,0.2,0.07508540966082364,0.8876207023859024,-0.010151311991648981,-0.4710700461640954,1100,0.040771484375
112,968.3,10443,229376,391.18782720999997,21,0.0003,0.017678842,0.04994465783238411,0.2,0.12013776787498501,0.8419570773839951,-0.008291982380615081,-0.516815732512623,1110,0.091552734375
113,968.3,10529,231424,386.6947345,21,0.0003,0.0064774062,0.11188480257987976,0.2,0.06113986612617737,0.8211950212717056,-0.00568253652745625,-0.3300074140075594,1120,0.050634765625
114,974.44,10614,233472,381.7516993499999,21,0.0003,0.0077334098,0.05126543343067169,0.2,0.18229787414893509,0.8775452896952629,-0.0039619309674890245,-0.7707555240020156,1130,0.08173828125
115,974.44,10702,235520,370.64365308999993,22,0.0003,0.01195368,0.04256975278258324,0.2,0.24539531888440252,0.7643512636423111,-0.008782057899225038,-0.8514871442690491,1140,0.119189453125
116,977.5,10787,237568,362.08685095999994,22,0.0003,0.0114935925,0.08792850375175476,0.2,0.3805691634770483,0.4367485046386719,-0.00824430508655496,-1.311484745517373,1150,0.17548828125
117,977.5,10873,239616,347.49842170999995,22,0.0003,0.010400781,0.13122668862342834,0.2,0.3485396546777338,0.6371106803417206,-0.0063729247747687625,-1.097309935092926,1160,0.13623046875
118,983.2,10959,241664,336.8110100099999,22,0.0003,0.011516996,0.12750451266765594,0.2,0.35991126836743204,0.5547530055046082,-0.010433427277894225,-1.1931529838591814,1170,0.120068359375
119,987.29,11047,243712,330.60732913,22,0.0003,0.009267939,0.12630344927310944,0.2,0.3874399605439976,0.4863542914390564,-0.011406982813059584,-1.169155526161194,1180,0.142431640625
120,988.63,11133,245760,327.09287161,22,0.0003,0.011552103,0.07220842689275742,0.2,0.4302149855298921,0.5611692368984222,-0.00944313100189902,-1.285511089861393,1190,0.116796875
121,990.94,11219,247808,313.35170486000004,22,0.0003,0.014784174,0.06208743155002594,0.2,0.4218509514350444,0.5217046439647675,-0.018897566718806047,-1.3078259222209454,1200,0.18349609375
122,997.1,11304,249856,305.16779163,22,0.0003,0.010470623,0.11609532684087753,0.2,0.2916725115617737,0.6868995130062103,-0.014515456516528502,-1.2157968766987324,1210,0.167041015625
123,997.1,11514,251904,292.06737284,21,0.0003,0.012406277,0.04018571227788925,0.2,0.36607467331923543,0.5646788775920868,-0.015640906654880382,-1.25520809404552,1220,0.16162109375
124,997.1,11601,253952,285.33071414,21,0.0003,0.015866265,0.08937238156795502,0.2,0.3245168389054015,0.5106922388076782,-0.01301819551445078,-1.2120287895202637,1230,0.167529296875
125,997.1,11688,256000,274.91269404999997,21,0.0003,0.01733163,0.015103779733181,0.2,0.4074710205662996,0.7072639465332031,-0.02521898210834479,-1.267966916412115,1240,0.199365234375
126,997.1,11774,258048,254.77229232999997,21,0.0003,0.02664318,0.014954570680856705,0.2,0.2604229254298843,0.6625069379806519,-0.023288325997418723,-1.2518640201538802,1250,0.23466796875
127,997.1,11867,260096,239.35260022000006,21,0.0003,0.01935882,0.0016827099025249481,0.2,0.2049891751841642,0.7970107197761536,-0.02788627254703897,-1.2354103513062,1260,0.24189453125
128,997.1,11953,262144,224.90534147000002,21,0.0003,0.018010214,0.030955743044614792,0.2,0.24923329361481592,0.7269263863563538,-0.03226384063164005,-1.2896353911608458,1270,0.237646484375
129,997.1,12039,264192,215.70680657,21,0.0003,0.015775606,0.01753353700041771,0.2,0.2984797927783802,0.6919147670269012,-0.02682591629854869,-1.2599447388201952,1280,0.21708984375
130,997.1,12123,266240,204.26478263,21,0.0003,0.018023156,0.0024170689284801483,0.2,0.2606916833901778,0.824547216296196,-0.03326476252404973,-1.288656695187092,1290,0.23037109375
131,997.1,12209,268288,188.94827416000004,21,0.0003,0.018842531,0.027729790657758713,0.2,0.2728226103587076,0.8122597932815552,-0.03312200531945564,-1.2918244440108537,1300,0.261669921875
132,997.81,12295,270336,173.54941964000002,21,0.0003,0.018929068,0.006406895816326141,0.2,0.2295316963805817,0.8539751619100571,-0.034208949543244674,-1.269590923562646,1310,0.251611328125
133,997.81,12381,272384,157.37165105000003,21,0.0003,0.020980233,0.11587221920490265,0.2,0.3747367202769965,0.6248314082622528,-0.03312313677743077,-1.1927023638039826,1320,0.2765625
134,997.81,12466,274432,140.45592565000004,22,0.0003,0.020617371,0.005995944142341614,0.2,0.37376484980341046,0.6760700643062592,-0.03806329935614485,-1.2575654458254575,1330,0.237939453125
135,997.81,12670,276480,126.15716995000001,21,0.0003,0.022066418,0.03789149224758148,0.2,0.6430071168579161,0.6237488389015198,-0.03336458719277289,-1.1834968898445368,1340,0.28681640625
136,997.81,12755,278528,112.10685100999999,21,0.0003,0.021491945,0.13491950929164886,0.2,0.6602083567064255,0.6951138079166412,-0.03004552315105684,-1.1740605913102626,1350,0.272509765625
137,998.22,12838,280576,94.87717365,21,0.0003,0.023823353,0.04868665337562561,0.2,0.7732243712991476,0.707076221704483,-0.03435388378275093,-1.0830726429820061,1360,0.275537109375
138,998.22,12921,282624,79.11701498,21,0.0003,0.030027885,0.02817661687731743,0.2,0.4097308808355592,0.8824731037020683,-0.028750336982193404,-1.336680693551898,1370,0.27568359375
139,999.34,13004,284672,60.67587093,21,0.0003,0.026390325,0.0272526815533638,0.2,0.6257957885391079,0.8856152519583702,-0.021417005741386674,-1.3448931511491538,1380,0.246728515625
140,999.34,13086,286720,46.140526179999995,21,0.0003,0.029541258,0.04732942581176758,0.2,0.3236324916651938,0.953616589307785,-0.020272613063571043,-1.374763498827815,1390,0.2580078125
141,999.34,13169,288768,29.20631076,21,0.0003,0.031738453,0.054613396525382996,0.2,0.40476365204667675,0.9530710242688656,-0.03175377987208776,-1.3260738376528025,1400,0.287060546875
142,999.34,13253,290816,11.152147009999998,21,0.0003,0.01950552,0.05598092079162598,0.2,0.33199564356473277,0.9880554648116231,-0.014750168850878254,-1.3756787840276956,1410,0.148828125
143,1000.0,13337,292864,-6.370062290000001,21,0.0003,0.02540883,0.04285505414009094,0.2,0.19404970513423905,0.9907925650477409,-0.014656028694298584,-1.393234157934785,1420,0.245703125
144,1000.0,13420,294912,-22.524593569999997,21,0.0003,0.021127133,0.005740262567996979,0.2,0.2656640682660509,0.9847996337339282,-0.01619467388227349,-1.3807817056775094,1430,0.195654296875
145,1000.0,13505,296960,-40.2679411,21,0.0003,0.023982536,0.042081721127033234,0.2,0.1796835623390507,0.9933345555327833,-0.02172676120972028,-1.3882138088345528,1440,0.204150390625
146,1000.0,13590,299008,-43.25281505,22,0.0003,0.024761971,0.11723804473876953,0.2,0.20152413745527156,0.9911205936223269,-0.02019873597382684,-1.347530646249652,1450,0.186376953125
147,1000.0,13767,301056,-40.609442109999996,21,0.0003,0.019646386,0.02146460860967636,0.2,0.30948856040486133,0.9843397084623575,-0.012762707090587355,-1.341204535216093,1460,0.13408203125
148,1000.0,13851,303104,-38.48619653,21,0.0003,0.022220027,0.02851821482181549,0.2,0.19593316460959614,0.9947416698560119,-0.014276209667150397,-1.334590493142605,1470,0.201708984375
149,1000.0,13935,305152,-36.87838573,21,0.0003,0.018788975,0.0405011847615242,0.2,0.32822240084642545,0.9906220892444253,-0.00915930989140179,-1.2920903880149126,1480,0.1787109375
150,1000.0,14020,307200,-34.85243141,21,0.0003,0.019541271,0.02515237405896187,0.2,0.27392217991291545,0.9916881658136845,-0.017949577870604118,-1.37109985537827,1490,0.14990234375
151,1000.0,14103,309248,-32.08940417,21,0.0003,0.015199797,0.03852681815624237,0.2,0.4046508042840287,0.9855289421975613,-0.010952807147987187,-1.289833764359355,1500,0.214990234375
152,1000.0,14188,311296,-30.43225165,21,0.0003,0.01544131,-0.024653181433677673,0.2,0.2073960445355624,0.9945935653522611,-0.014813540969771565,-1.3071771644055843,1510,0.145849609375
153,1000.0,14274,313344,-29.05018622,21,0.0003,0.022426179,0.02886105328798294,0.2,0.22798420888138934,0.9919669199734926,-0.01574136829658528,-1.3360008712857963,1520,0.2146484375
154,1000.0,14359,315392,-23.14823746,21,0.0003,0.016726995,0.06855791807174683,0.2,0.6148109037196263,0.9623753093183041,-0.004437402018811554,-1.2339859981089831,1530,0.14423828125
155,1000.0,14443,317440,-20.88403534,21,0.0003,0.02177123,0.043435219675302505,0.2,1.1459470883011817,0.9635390006005764,-0.0131050940399291,-1.084242104180157,1540,0.187548828125
156,1000.0,14526,319488,-17.62865667,21,0.0003,0.018508306,0.02177271619439125,0.2,0.24189795278944076,0.9958031526766717,-0.013286944846913683,-1.310554613918066,1550,0.210888671875
157,1000.0,14610,321536,-13.835516700000001,22,0.0003,0.023033112,0.026038043200969696,0.2,1.1928842623718083,0.9705506078898907,-0.019407928227155934,-1.1776952654123307,1560,0.16708984375
158,1000.0,14696,323584,-4.140793550000001,22,0.0003,0.023660552,0.08609772473573685,0.2,1.5382034332491457,0.9715329688042402,-0.01577969743666472,-1.156118435226381,1570,0.160302734375
159,1000.0,14904,325632,-1.0159528199999999,21,0.0003,0.022066258,0.2665948271751404,0.2,1.9008726338855921,0.976277681067586,-0.0035676830833835994,-0.9835969602689147,1580,0.18642578125
160,1000.0,14988,327680,6.688921730000001,21,0.0003,0.026557354,0.07748863101005554,0.2,0.6888345662271604,0.9904130473732948,-0.009000884860142833,-1.2498368233442307,1590,0.1697265625
161,1000.0,15073,329728,16.442082659999997,21,0.0003,0.023475068,0.19078810513019562,0.2,2.386564531456679,0.9836898073554039,-0.012831827103946125,-0.8555317223072052,1600,0.205908203125
162,1000.0,15157,331776,23.02692041,21,0.0003,0.03370517,0.39206552505493164,0.2,1.179714153567329,0.9912935514003038,-0.01554414220736362,-1.042689617536962,1610,0.19365234375
163,1000.0,15242,333824,26.11777704999999,21,0.0003,0.03297752,0.4234958291053772,0.2,2.0931834102608264,0.9798573758453131,-0.0024199715990107507,-1.0197430681437254,1620,0.21611328125
164,1000.0,15328,335872,30.82164379,21,0.0003,0.031284533,0.11709368973970413,0.2,0.9794449004344642,0.9860727982595563,-0.009736829990288243,-1.187138914130628,1630,0.170703125
165,1000.0,15413,337920,35.01883854,21,0.0003,0.02943322,0.1828514039516449,0.2,1.3559536872431637,0.9889265466481447,-0.01799933832080569,-1.1153372151777148,1640,0.148046875
166,1000.0,15504,339968,41.027945149999994,21,0.0003,0.03469537,0.23482874035835266,0.2,1.9972289619036019,0.9822875149548054,-0.007824255071318476,-1.009061574190855,1650,0.198583984375
167,1000.0,15589,342016,46.693131169999994,21,0.0003,0.022228777,0.3403629660606384,0.2,2.653902369737625,0.983514154329896,-0.012377402548736427,-0.9469236891716719,1660,0.1986328125
168,1000.0,15675,344064,46.991922540000004,21,0.0003,0.1678858,0.10205364972352982,0.2,0.523832008545287,0.9746400993317366,-0.021166840454679915,-1.2113454647362232,1670,0.273388671875
169,1000.0,15761,346112,46.817825070000005,21,0.0003,0.0053649927,0.08656919002532959,0.2,1.8633877315092833,0.8645854294300079,-0.0020743107284943107,-0.32847930695861577,1680,0.091796875
170,1000.0,15847,348160,46.953590209999994,21,0.0003,0.01814109,0.4067552387714386,0.2,1.4867028667591513,0.519974559545517,0.0016685422306181863,-0.43181677274405955,1690,0.153515625
171,1000.0,16061,350208,46.82766183999999,21,0.0003,0.058919273,0.25365543365478516,0.2,1.2203879356384277,0.6369997262954712,-0.016281299816910177,-0.5967427074909211,1700,0.270947265625
172,1000.0,16149,352256,46.93018623,21,0.0003,0.008096795,0.09949363768100739,0.2,1.0448092710925265,0.8151073157787323,0.0011579821177292616,-0.5979958152398467,1710,0.156298828125
173,1000.0,16236,354304,46.27467927,21,0.0003,0.021277264,0.05313657224178314,0.2,0.7358152212575078,0.8838886991143227,-0.00656145186512731,-0.5714672019705176,1720,0.10107421875
174,1000.0,16324,356352,45.978423279999994,21,0.0003,0.014371989,0.03846663236618042,0.2,0.5876695921411738,0.8562449812889099,-0.002345102751860395,-0.5981048399582505,1730,0.10458984375
175,1000.0,16411,358400,45.96285433999999,21,0.0003,0.01605354,0.024307850748300552,0.2,0.5199848197749816,0.920108251273632,-0.005319956292805727,-0.9560449309647083,1740,0.20849609375
176,1000.0,16498,360448,45.79616521999999,21,0.0003,0.030914675,0.03007356822490692,0.2,0.4591295121703297,0.9432692863047123,-0.020804873896122445,-0.9141302486881614,1750,0.275048828125
177,1000.0,16587,362496,45.25520448,21,0.0003,0.022763912,0.05051177740097046,0.2,0.2841669765068218,0.9802894461899996,-0.0032494299579411746,-0.9362388219684362,1760,0.178173828125
178,1000.0,16675,364544,44.83910913,21,0.0003,0.021560378,0.010134585201740265,0.2,0.29359189695096577,0.9824533872306347,-0.006898762659693603,-0.937535066716373,1770,0.17861328125
179,1000.0,16761,366592,43.99468107999999,21,0.0003,0.021073751,-0.03730040788650513,0.2,0.26566908608656375,0.9762638807296753,-0.011128562249359675,-0.9799149947240948,1780,0.16865234375
180,1000.0,16848,368640,43.59746571000001,21,0.0003,0.020213429,-0.0022135265171527863,0.2,0.2452809935028199,0.9647927917540073,-0.01444061932634213,-1.0983193881809712,1790,0.220068359375
181,1000.0,16933,370688,42.62608812999999,21,0.0003,0.023523267,0.021715108305215836,0.2,0.23367045019986107,0.978920228779316,-0.02100285977794556,-1.1884240966290236,1800,0.212158203125
182,1000.0,17022,372736,41.49859427999999,21,0.0003,0.014757503,0.07817359268665314,0.2,0.19362889793119392,0.9836310967803001,-0.013458570749207865,-1.1192899087443948,1810,0.149658203125
183,1000.0,17109,374784,39.779706909999994,21,0.0003,0.021803606,0.04324272274971008,0.2,0.22025143123464658,0.9787435922771692,-0.015147756136138923,-1.0936963012441994,1820,0.191845703125
184,1000.0,17319,376832,38.377587410000004,21,0.0003,0.019960467,0.15265926718711853,0.2,0.3025633123354055,0.9463520310819149,-0.013830829635844566,-1.083757244423032,1830,0.1947265625
185,1000.0,17421,378880,35.11981086,21,0.0003,0.022254722,0.024013739079236984,0.2,0.22441781584639103,0.9717838298529387,-0.03432086684624665,-1.2286334499716758,1840,0.221923828125
186,1000.0,17524,380928,35.71109095,21,0.0003,0.01988033,0.039283186197280884,0.2,0.15405976239126176,0.9836479872465134,-0.021866515763395,-1.1549280639737844,1850,0.2119140625
187,1000.0,17620,382976,34.62958638999999,21,0.0003,0.029538415,0.09396442770957947,0.2,0.48979281894862653,0.904489129781723,-0.029682362494349947,-1.142793944478035,1860,0.259326171875
188,1000.0,17723,385024,34.913483,21,0.0003,0.024625104,-0.0003652051091194153,0.2,0.2657218263018876,0.9607715494930744,-0.036156612003105694,-1.3146938502788543,1870,0.27900390625
189,1000.0,17824,387072,34.935304540000004,21,0.0003,0.02457063,-0.023248225450515747,0.2,0.258758241427131,0.9496314376592636,-0.020613880536984652,-1.2324051018804312,1880,0.23828125
190,1000.0,17923,389120,35.58456913,21,0.0003,0.027563859,0.00017805397510528564,0.2,0.3836317354347557,0.9390968009829521,-0.031197243423957844,-1.1997111283242703,1890,0.320361328125
191,1000.0,18020,391168,35.6113634,21,0.0003,0.025361795,0.00667581707239151,0.2,0.22161485885735602,0.9756031688302755,-0.03236622469703434,-1.186181715503335,1900,0.290771484375
192,1000.0,18118,393216,34.76488292,21,0.0003,0.02260573,-0.03329647332429886,0.2,0.2773854874190874,0.9447171911597252,-0.032446102288668045,-1.2930100589990616,1910,0.2490234375
193,1000.0,18212,395264,36.59346116,21,0.0003,0.024001162,-0.017182745039463043,0.2,0.13683060995244886,0.9824686646461487,-0.029943392405402846,-1.3453790359199047,1920,0.18310546875
194,1000.0,18304,397312,37.587103139999996,21,0.0003,0.030044887,0.16015371680259705,0.2,0.5611105267074891,0.9527036100625992,-0.01942069610231556,-1.1829457137733699,1930,0.245458984375
195,1000.0,18412,399360,37.160781130000004,21,0.0003,0.03146073,0.014275852590799332,0.2,0.28647204654989766,0.9696743469685316,-0.03507126902695745,-1.2955461345613002,1940,0.246533203125
196,1000.0,18671,401408,37.514460719999995,21,0.0003,0.027050294,-0.015911974012851715,0.2,0.17072147675207816,0.9811841808259487,-0.02670555869844975,-1.3062779150903225,1950,0.2255859375
197,1000.0,18769,403456,37.04412702,21,0.0003,0.016564155,-0.025187082588672638,0.2,0.2634564202860929,0.9501782543957233,-0.024301609081885545,-1.2970193713903426,1960,0.177783203125
198,1000.0,18869,405504,37.71051628,21,0.0003,0.034379095,-0.012319523841142654,0.2,0.23854798035463318,0.9638543836772442,-0.0203532927975175,-1.2923626985400916,1970,0.223583984375
199,1000.0,18967,407552,37.246851050000004,21,0.0003,0.029557835,0.01173507422208786,0.2,0.24086034873034806,0.9729039408266544,-0.026187684207980056,-1.2815105356276035,1980,0.235986328125
200,1000.0,19071,409600,40.51609197,21,0.0003,0.023422573,0.021596036851406097,0.2,0.275838663673494,0.978798383846879,-0.015537334518739954,-1.3082322038710117,1990,0.19091796875
201,1000.0,19174,411648,45.28610518000001,21,0.0003,0.023992695,0.1724027395248413,0.2,1.30690481858328,0.9507851861417294,-0.00830568496894557,-0.9769257670268416,2000,0.21279296875
202,1000.0,19277,413696,47.64228784,21,0.0003,0.030921172,0.11984329670667648,0.2,0.9496221053879708,0.9688125774264336,-0.017124672932550312,-1.0225496087223291,2010,0.25830078125
203,1000.0,19375,415744,46.26992636999999,21,0.0003,0.019433435,0.028805427253246307,0.2,0.6921269415412098,0.9752199668437243,-0.01575448337534908,-1.0856427563354374,2020,0.18828125
204,1000.0,19471,417792,45.54779158999999,21,0.0003,0.030015135,0.1464010775089264,0.2,1.279877687897533,0.9727904181927443,-0.01152144805091666,-1.113080752082169,2030,0.242041015625
205,1000.0,19564,419840,45.454640790000006,21,0.0003,0.03079459,0.033696502447128296,0.2,0.6188381299376488,0.9823430851101875,-0.015871515379694758,-1.2155233912169934,2040,0.182958984375
206,1000.0,19658,421888,47.06165488,21,0.0003,0.03756191,0.27027106285095215,0.2,0.6678872278658673,0.9817223120480776,-0.017931639106245713,-1.1274800686165691,2050,0.202490234375
207,1000.0,19758,423936,46.40301726,21,0.0003,0.042386904,0.2334129512310028,0.2,2.0098989280872046,0.9740164391696453,-0.011544730752939358,-0.805054217018187,2060,0.272802734375
208,1000.0,19984,425984,47.33315232999999,21,0.0003,0.03333868,0.13056811690330505,0.2,0.904849260346964,0.9866487681865692,-0.01913445605605375,-0.9929189223796129,2070,0.154052734375
209,1000.0,20067,428032,44.23730012,21,0.0003,0.039682932,0.024354062974452972,0.2,0.6351212759269401,0.9906497076153755,-0.019205830289865843,-1.1402393961325288,2080,0.14794921875
210,1000.0,20153,430080,43.60503396,21,0.0003,0.050312333,0.058217283338308334,0.2,0.2997570788313169,0.9940942339599133,-0.015294283399816777,-1.2149432014673949,2090,0.175537109375
211,1000.0,20238,432128,39.97322969,21,0.0003,0.033169493,0.2194925844669342,0.2,1.7309608525596558,0.97352877818048,-0.014196031152096111,-0.8265915110707283,2100,0.244140625
212,1000.0,20322,434176,38.85724388999999,21,0.0003,0.03593652,0.037181295454502106,0.2,0.6064219693420455,0.9920518333092332,-0.01801896346223657,-0.9053699567914009,2110,0.148388671875
213,1000.0,20407,436224,42.01234765,21,0.0003,0.0283546,0.0711926817893982,0.2,0.6646450207801535,0.9918785821646452,-0.017885538238624578,-0.8964740658178926,2120,0.179443359375
214,1000.0,20494,438272,43.538576240000005,21,0.0003,0.03362032,0.18167951703071594,0.2,1.3587541689164937,0.9900413267314434,-0.013816862009116448,-0.9018498400226236,2130,0.208056640625
215,1000.0,20579,440320,42.382006739999994,21,0.0003,0.036512073,0.502892017364502,0.2,2.336120889149606,0.985089004971087,-0.015450444996531587,-0.8835663868114352,2140,0.191943359375
216,1000.0,20664,442368,50.65038807,21,0.0003,0.030189594,0.1528346836566925,0.2,1.2007998514920473,0.9918530145660043,-0.012494311620685039,-0.9759156500920654,2150,0.166064453125
217,1000.0,20748,444416,61.066356840000005,21,0.0003,0.045119073,0.32833775877952576,0.2,3.102938899770379,0.9593067280948162,-0.003577678692090558,-0.7561612745746971,2160,0.25419921875
218,1000.0,20833,446464,66.94543207,21,0.0003,0.042193957,0.34854447841644287,0.2,1.58209142209962,0.9849657416343689,-0.016166249880916438,-0.7212865957990289,2170,0.226220703125
219,1000.0,20920,448512,74.14525203,21,0.0003,0.042761233,0.13332132995128632,0.2,1.4049962470307946,0.988427322357893,-0.006409087700012606,-0.6608083715662361,2180,0.199267578125
220,1000.0,21134,450560,78.41998678,21,0.0003,0.035958365,0.16603577136993408,0.2,1.6115629317704587,0.9880574606359005,-0.009908415623067412,-0.9339705370366573,2190,0.284033203125
221,1000.0,21221,452608,82.48655774999999,21,0.0003,0.03308934,0.24629688262939453,0.2,0.9381329796742648,0.9874399434775114,-0.011097158469783607,-0.9476907284930348,2200,0.294189453125
222,1000.0,21306,454656,88.05768124000002,21,0.0003,0.050566547,0.1406601071357727,0.2,1.1303016596939415,0.99078100733459,-0.019034445456054528,-1.0737370911985635,2210,0.257080078125
223,1000.0,21392,456704,91.72471751,21,0.0003,0.03577509,0.2180183082818985,0.2,1.0194923657458275,0.991285908035934,-0.02495780831450247,-1.0817793067544699,2220,0.21328125
224,1000.0,21477,458752,98.76428486,21,0.0003,0.060882494,0.2673271596431732,0.2,0.6640465267002582,0.9935534070245922,-0.019018683982721996,-0.9171085996553302,2230,0.2181640625
225,1000.0,21563,460800,105.04539047,21,0.0003,0.042332217,0.1495835781097412,0.2,1.098919567419216,0.9925543661229312,-0.008641810341214296,-0.9912060089409351,2240,0.1955078125
226,1000.0,21647,462848,110.70328514,21,0.0003,0.042378485,0.1355927437543869,0.2,2.752032755687833,0.9713007975369692,-0.007917424172046595,-0.9750900667160749,2250,0.251171875
227,1000.0,21733,464896,115.76329599,21,0.0003,0.089584105,0.05937453359365463,0.2,1.295197357609868,0.9741483610123396,-0.020050576759967954,-0.927683039009571,2260,0.293017578125
228,1000.0,21820,466944,122.4784854,21,0.0003,0.030910488,0.1975269615650177,0.2,2.451214180327952,0.9875771543011069,-0.007238602977304253,-0.824954561330378,2270,0.21142578125
229,1000.0,21904,468992,126.51147300000002,21,0.0003,0.045967508,0.1780722439289093,0.2,2.17400538190268,0.9849245194345713,-0.002735836118517909,-1.1086204323917628,2280,0.21376953125
230,1000.0,21988,471040,132.27727003,21,0.0003,0.027697762,0.26539158821105957,0.2,1.255134255485609,0.9896487910300493,0.0074503403462586,-1.0567945608869196,2290,0.16650390625
231,1000.0,22073,473088,137.00360496,21,0.0003,0.024008028,0.7818962931632996,0.2,2.4980147315654904,0.9865485578775406,-0.006379088955145562,-1.0917330035939812,2300,0.1421875
232,1000.0,22272,475136,147.21318025,21,0.0003,0.028564405,0.325758695602417,0.2,1.2727870750706642,0.9887560661882162,-0.016439844571868888,-1.0703739704564215,2310,0.255078125
233,1000.0,22358,477184,155.84501845999998,21,0.0003,0.028820112,0.46071696281433105,0.2,3.7075856344774367,0.9829985871911049,-0.0012835538873332553,-0.8427183797582984,2320,0.190966796875
234,1000.0,22444,479232,165.28576964,21,0.0003,0.03305495,0.38741952180862427,0.2,3.731413731724024,0.9764523971825838,-0.02370677144572255,-0.8639567229896784,2330,0.25947265625
235,1000.0,22529,481280,165.62206147,21,0.0003,0.053912714,0.28167635202407837,0.2,3.6004328585229812,0.9631801433861256,-0.010851126395573374,-0.8395640006288886,2340,0.255712890625
236,1000.0,22616,483328,170.40409126999998,21,0.0003,0.046898924,0.19749289751052856,0.2,1.1435253489762545,0.9877793872728944,-0.02070970794884488,-1.0725167650729417,2350,0.187451171875
237,1000.0,22705,485376,172.03482482000007,21,0.0003,0.029658955,0.21730127930641174,0.2,1.6661948397755624,0.9785274490714073,-0.019272919492505026,-0.9805447952821851,2360,0.237744140625
238,1000.0,22790,487424,177.53305151,21,0.0003,0.025203383,0.07665812969207764,0.2,0.6415322655346245,0.9938468229956925,-0.010656144839595072,-0.8548474445939064,2370,0.202978515625
239,1000.0,22877,489472,184.50929517,21,0.0003,0.034867577,0.18771199882030487,0.2,1.5390820674598218,0.9779087249189615,-0.01782851568859769,-0.9274807214736939,2380,0.265625
