time/iterations,time/fps,time/total_timesteps,time/time_elapsed,rollout/ep_len_mean,rollout/ep_rew_mean,train/entropy_loss,train/explained_variance,train/n_updates,train/clip_fraction,train/clip_range,train/approx_kl,train/value_loss,train/loss,train/policy_gradient_loss,train/learning_rate
1,61,2048,33,1000.0,-56.18387250000001,,,,,,,,,,
2,46,4096,87,1000.0,-50.54358825,-1.600261602178216,0.0002822279930114746,10,0.100244140625,0.2,0.012569495,0.6452578134834767,0.28803008794784546,-0.009222922241315245,0.0003
3,41,6144,148,1000.0,-40.970312,-1.5796410616487264,-0.06499290466308594,20,0.100146484375,0.2,0.007888118,0.5726099317660556,0.19600391387939453,-0.009320670523447917,0.0003
4,40,8192,200,1000.0,-37.569183875,-1.532749979570508,-0.05746579170227051,30,0.1966796875,0.2,0.013936691,0.6138197984080762,0.14275339245796204,-0.02180862800159957,0.0003
5,32,10240,313,1000.0,-37.059368,-1.4983289763331413,0.17234766483306885,40,0.13720703125,0.2,0.014193655,0.4947172272019088,0.08136572688817978,-0.01840281180338934,0.0003
6,33,12288,365,1000.0,-36.102564,-1.4598666090518235,0.2433854341506958,50,0.162109375,0.2,0.015978865,0.3864320708089508,0.06174977868795395,-0.01671088974107988,0.0003
7,34,14336,418,1000.0,-36.07383128571429,-1.502227223291993,0.7612108588218689,60,0.171875,0.2,0.017125834,0.3095181901473552,0.027517899870872498,-0.01870801018085331,0.0003
8,34,16384,470,1000.0,-36.0880285,-1.475453520938754,0.8338844478130341,70,0.157421875,0.2,0.020785794,0.4112536124419421,0.1811041384935379,-0.013953091255098115,0.0003
9,35,18432,524,1000.0,-39.158838,-1.5085206165909768,0.9057665318250656,80,0.197900390625,0.2,0.017834399,0.27594793432217557,0.009506437927484512,-0.018105007247504544,0.0003
10,33,20480,612,1000.0,-39.73665005,-1.478215930610895,0.9442980401217937,90,0.193994140625,0.2,0.013548099,0.23034775112755596,0.06018010154366493,-0.02205301085341489,0.0003
11,33,22528,665,1000.0,-39.731692,-1.458658904209733,0.9561138935387135,100,0.210888671875,0.2,0.013061453,0.22196470849448816,0.1392359882593155,-0.022651226949528792,0.0003
12,34,24576,717,1000.0,-38.77292275,-1.4180916231125593,0.9451034963130951,110,0.228759765625,0.2,0.020554753,0.27602789443917575,0.0712350606918335,-0.015697070295573212,0.0003
13,34,26624,769,1000.0,-38.038011,-1.461449408903718,0.9690169636160135,120,0.185791015625,0.2,0.022956453,0.207785166206304,0.05308038741350174,-0.01695343119863537,0.0003
14,34,28672,822,1000.0,-37.02026453571428,-1.398437464237213,0.9733962137252092,130,0.11767578125,0.2,0.014075392,0.2726849606842734,0.15084844827651978,-0.012180557157262229,0.0003
15,34,30720,900,1000.0,-35.959473933333335,-1.3772641386836768,0.983010146766901,140,0.213330078125,0.2,0.014408457,0.23546936094062404,0.07671649008989334,-0.010989883793808986,0.0003
16,34,32768,953,1000.0,-34.02959871875,-1.391779513657093,0.9862607466056943,150,0.188916015625,0.2,0.023573749,0.22031334352213888,-0.01673029735684395,-0.010140088062325959,0.0003
17,34,34816,1004,988.3142857142857,-32.83688648571429,-1.3992148436605931,0.9804743025451899,160,0.17109375,0.2,0.014940615,0.2485352308722213,0.03455020487308502,-0.011329448621836491,0.0003
18,34,36864,1058,988.9459459459459,-32.580048,-1.2998205550014972,0.7178801894187927,170,0.25556640625,0.2,0.047474217,6.011252155061811,0.22733141481876373,0.0016457174486276926,0.0003
19,35,38912,1110,989.5128205128206,-32.521557538461536,-1.4592449590563774,0.996029737405479,180,0.142138671875,0.2,0.021954998,0.32328478259732946,0.11065010726451874,-0.012478640119661577,0.0003
20,33,40960,1240,990.0243902439024,-31.118048609756105,-1.4572135154157877,0.9950912343338132,190,0.11552734375,0.2,0.008937124,0.20988687513454352,0.08005347847938538,-0.012219986554555362,0.0003
21,33,43008,1291,990.4883720930233,-28.50040530232559,-1.3701468609273433,0.9614763334393501,200,0.26630859375,0.2,0.033161223,0.7093452595639974,0.0628923773765564,-0.009605306152661797,0.0003
22,33,45056,1343,990.9111111111112,-27.78884037777778,-1.3852115202695132,0.9953926238231361,210,0.158154296875,0.2,0.011240547,0.28660296082962305,0.0509524904191494,-0.018764335440209834,0.0003
23,33,47104,1395,991.2978723404256,-27.994564234042556,-1.273544891178608,0.993376612663269,220,0.168798828125,0.2,0.014310369,0.3828962852945551,0.25984737277030945,-0.009672509320080281,0.0003
24,33,49152,1447,991.6530612244898,-25.612648897959186,-1.4428892441093921,0.9931339118629694,230,0.09736328125,0.2,0.0173995,0.22736131842830218,0.019348815083503723,-0.014668375186738558,0.0003
25,32,51200,1580,991.9803921568628,-23.55885633333334,-1.3585897728800773,0.9604700654745102,240,0.120556640625,0.2,0.02098579,0.7280861536506563,0.41335421800613403,0.005400360988278408,0.0003
26,32,53248,1632,992.2830188679245,-23.79044550943397,-1.4091496504843235,0.9955211468040943,250,0.161767578125,0.2,0.01647854,0.17916758602077607,0.0052572451531887054,-0.01588136370992288,0.0003
27,32,55296,1683,992.5636363636364,-22.282374818181825,-1.4032981656491756,0.990962496958673,260,0.148974609375,0.2,0.012120617,0.19811144121340477,0.02692171186208725,-0.005521428831707453,0.0003
28,33,57344,1736,992.8245614035088,-22.290421473684212,-1.3695743918418883,0.9709793888032436,270,0.191796875,0.2,0.018716339,0.5533937385072931,0.12738695740699768,-0.004948778066318482,0.0003
29,33,59392,1788,993.0677966101695,-22.163116966101693,-1.4097571574151515,0.9936487879604101,280,0.16103515625,0.2,0.012918773,0.20509267144370824,-0.006037088111042976,-0.015967631252715365,0.0003
30,32,61440,1916,993.2950819672132,-18.483118262295083,-1.301560416072607,0.972248213365674,290,0.23564453125,0.2,0.02904143,0.8064988269470632,0.2875556945800781,-0.014907560661958997,0.0003
31,32,63488,1968,993.5079365079365,-18.40632023809524,-1.248716738075018,0.9851223798468709,300,0.2248046875,0.2,0.01815781,0.4101802360266447,0.06769849359989166,-0.01976923983093002,0.0003
32,32,65536,2019,993.7076923076924,-18.417777507692307,-1.327876716479659,0.9850313235074282,310,0.231298828125,0.2,0.023354072,0.34838061132468284,0.13455504179000854,-0.01744669957261067,0.0003
33,32,67584,2070,993.8955223880597,-18.436995597014924,-1.2595769215375185,0.9934343062341213,320,0.1845703125,0.2,0.010576205,0.35423562447540463,0.014702387154102325,-0.01112997108430136,0.0003
34,32,69632,2122,994.1571428571428,-11.016054342857142,-1.233624641224742,0.956427950412035,330,0.177490234375,0.2,0.057596277,1.1861206013942138,0.11279001832008362,-0.014764835161622613,0.0003
35,31,71680,2251,994.3194444444445,-10.708585513888888,-1.2827404607087374,0.949862252920866,340,0.199609375,0.2,0.021507101,2.370300554530695,0.267910897731781,-0.0052630853009759445,0.0003
36,32,73728,2302,994.472972972973,-11.209503824324324,-1.357256368920207,0.9878513105213642,350,0.175244140625,0.2,0.01522919,0.6942055192776024,0.09004980325698853,-0.004092609668441582,0.0003
37,32,75776,2354,994.6184210526316,-11.647473434210527,-1.3773810863494873,0.9787320252507925,360,0.1921875,0.2,0.016496843,0.41952925727237017,0.08402086794376373,-0.019812426700082143,0.0003
38,32,77824,2411,994.7564102564103,-11.106786012820512,-1.4225428961217403,0.9786443151533604,370,0.15,0.2,0.014797041,0.46142697490286083,0.23899643123149872,-0.015664810129237594,0.0003
39,32,79872,2464,994.8875,-10.5249705875,-1.3613925322890281,0.9877655385062099,380,0.173974609375,0.2,0.013886421,0.45610974067822097,0.13753509521484375,-0.015850930310989497,0.0003
40,31,81920,2598,995.0121951219512,-6.789788073170732,-1.3039873450994492,0.9491869248449802,390,0.195751953125,0.2,0.02196636,1.2354442049283534,0.25246772170066833,-0.015211138988524909,0.0003
41,31,83968,2652,995.1309523809524,-6.9018041904761915,-1.369673440605402,0.9539382606744766,400,0.234423828125,0.2,0.02260889,1.3233305708970875,0.3056177496910095,-0.00840010734682437,0.0003
42,31,86016,2705,995.2441860465116,-4.605645918604652,-1.4254457231611013,0.9855317249894142,410,0.174658203125,0.2,0.011635553,0.4923545552883297,0.14121758937835693,-0.012929231859743595,0.0003
43,31,88064,2757,995.3522727272727,-4.994531181818182,-1.4083708580583334,0.9654034189879894,420,0.190673828125,0.2,0.019383352,1.0101625920739026,0.13802821934223175,-0.007729239965556189,0.0003
44,31,90112,2890,995.4555555555555,-2.9246617444444447,-1.4589785531163215,0.9805251341313124,430,0.22431640625,0.2,0.02022675,0.34300116982776674,0.03574826940894127,-0.023096077141235582,0.0003
45,31,92160,2945,995.554347826087,-2.041227989130435,-1.3721152152866125,0.9713356457650661,440,0.20869140625,0.2,0.026240906,0.9418981007765979,0.27069225907325745,-0.01139821094693616,0.0003
46,31,94208,2997,995.6489361702128,-1.744015776595745,-1.4076187320053577,0.967180147767067,450,0.22919921875,0.2,0.019425374,0.9122833572328091,0.3220576345920563,-0.01668069068546174,0.0003
47,31,96256,3053,995.7395833333334,-1.9102284062500008,-1.429867010563612,0.980430206283927,460,0.22724609375,0.2,0.018577449,0.3667063828324899,0.0730651319026947,-0.02341828433709452,0.0003
48,31,98304,3105,995.8265306122449,-2.8032830816326535,-1.4952547632157802,0.9844909245148301,470,0.252734375,0.2,0.022684503,0.26589061197591946,0.013063944876194,-0.027656238942290655,0.0003
49,30,100352,3238,995.91,-3.686467,-1.4130349975079297,0.9589825607836246,480,0.18134765625,0.2,0.017715817,0.660198268876411,0.3559114336967468,-0.007275460464006756,0.0003
