algorithm,training_seed,timesteps,n_validation_tracks,mean_validation_reward,std_validation_reward_across_tracks,median_validation_reward,min_validation_reward,max_validation_reward,mean_validation_episode_length
dqn,10,25000,5,-89.2353428,2.328407315644014,-88.888889,-92.565056,-85.507246,1000.0
dqn,10,50000,5,-89.284211,4.764990246726014,-92.45283,-93.690852,-81.412639,1000.0
dqn,10,75000,5,-93.18136100000001,0.7679204140534365,-92.753623,-94.444444,-92.45283,1000.0
dqn,10,100000,5,-83.7646218,3.2998871278250355,-84.90566,-87.381703,-77.695167,1000.0
dqn,10,125000,5,-93.18136100000001,0.7679204140534365,-92.753623,-94.444444,-92.45283,1000.0
dqn,10,150000,5,-85.10089239999999,2.4811494583405205,-85.130112,-88.888889,-81.072555,1000.0
dqn,10,175000,5,-89.1976294,2.5038295220554154,-88.888889,-92.753623,-85.130112,1000.0
dqn,10,200000,5,-93.18136100000001,0.7679204140534365,-92.753623,-94.444444,-92.45283,1000.0
dqn,10,225000,5,-24.6550138,50.12188583323149,-56.954717,-69.853943,61.291078,331.0
dqn,10,250000,5,-78.1483168,18.838516807124403,-92.45283,-93.690852,-47.95539,1000.0
dqn,10,275000,5,-23.835013800000002,49.99088500548366,-56.254717,-69.253943,61.891078,322.8
dqn,10,300000,5,-88.3527778,7.370255401374027,-92.45283,-93.690852,-73.977695,1000.0
dqn,10,325000,5,-73.3362556,24.54302826019496,-92.45283,-93.690852,-36.111111,1000.0
dqn,10,350000,5,6.8579973999999995,43.79505060145551,-20.754717,-33.753943,82.156134,1000.0
dqn,10,375000,5,-66.28919719999999,8.680363313045632,-63.768116,-80.555556,-54.716981,1000.0
dqn,10,400000,5,49.959938,43.61624821863696,47.169811,-8.333333,126.765799,1000.0
dqn,10,425000,5,90.2932748,93.2320816673269,118.867925,-92.753623,158.675079,1000.0
dqn,10,450000,5,-77.56133799999999,9.678434389870215,-75.0,-89.130435,-66.542751,1000.0
dqn,10,475000,5,-55.7070666,47.11751792537298,-87.381703,-92.753623,30.111524,1000.0
dqn,10,500000,5,237.6204616,216.04754309085945,236.956522,-3.698423,561.710037,954.6
dqn,10,525000,5,-1.837788599999999,94.98265217769926,-21.933333,-92.753623,161.829653,754.8
dqn,10,550000,5,218.8632558,162.33837840278068,306.940063,-92.753623,341.509434,1000.0
dqn,10,575000,5,337.324638,199.6063120495385,360.377358,33.333333,588.405797,1000.0
dqn,10,600000,5,339.0863262,123.76695988123957,371.698113,189.855072,528.252788,1000.0
dqn,10,625000,5,116.86236860000004,247.84210396192532,-42.028986,-93.690852,520.817844,1000.0
dqn,10,650000,5,362.00158560000006,230.37043766496257,466.037736,-52.681388,573.913043,1000.0
dqn,10,675000,5,-77.876131,24.27698786289814,-89.130435,-91.666667,-29.36803,1000.0
dqn,10,700000,5,398.717442,166.1666567007136,385.804416,111.895911,581.15942,1000.0
dqn,10,725000,5,546.0955996,165.4854250968631,454.347826,395.268139,855.390335,1000.0
dqn,10,750000,5,137.58327100000002,216.99831957865982,7.255521,-85.507246,505.947955,1000.0
dqn,10,775000,5,583.2890498,121.48797049833182,541.304348,448.895899,755.018587,1000.0
dqn,10,800000,5,158.20701019999998,233.86361178710382,9.433962,-90.536278,497.222222,1000.0
dqn,10,825000,5,32.066424,109.93077280214781,-16.666667,-50.943396,244.202899,1000.0
dqn,10,850000,5,443.29463080000005,206.74162822427215,414.195584,174.044444,695.539033,983.4
dqn,10,875000,5,447.0033992,111.91958901817138,422.222222,278.548896,587.732342,1000.0
dqn,10,900000,5,266.751166,215.40500807382858,386.792453,-86.111111,487.360595,1000.0
dqn,10,925000,5,277.9199346,241.37969938397563,277.777778,23.028391,668.115942,1000.0
dqn,10,950000,5,76.02474,139.84114879876566,4.089219,-55.555556,311.320755,1000.0
dqn,10,975000,5,229.54664640000001,266.30505473947153,250.943396,-49.526814,688.104089,1000.0
dqn,10,1000000,5,40.154446199999995,75.25316605438093,41.263941,-42.028986,155.520505,1000.0
dqn,11,25000,5,-93.18136100000001,0.7679204140534365,-92.753623,-94.444444,-92.45283,1000.0
dqn,11,50000,5,8.3449862,46.37656705190123,-20.754717,-33.753943,89.591078,1000.0
dqn,11,75000,5,-37.4976408,15.138312727609275,-33.753943,-61.111111,-20.754717,1000.0
dqn,11,100000,5,0.6851518000000013,44.748988344658855,-16.981132,-42.028986,74.72119,1000.0
dqn,11,125000,5,-24.975013800000003,50.241695156985806,-57.454717,-70.453943,61.191078,334.2
dqn,11,150000,5,-24.3950138,50.3131143967007,-56.954717,-70.053943,61.791078,328.4
dqn,11,175000,5,-87.98516099999999,6.368307250566767,-92.45283,-93.690852,-77.695167,1000.0
dqn,11,200000,5,-29.5831272,10.313272217569308,-27.536232,-44.444444,-14.498141,1000.0
dqn,11,225000,5,-24.2150138,50.12834044792916,-56.654717,-69.753943,61.691078,326.6
dqn,11,250000,5,-23.9350138,50.06868410924628,-56.354717,-69.453943,61.891078,323.8
dqn,11,275000,5,-38.0556582,48.38968170214479,-69.454717,-83.153943,42.72119,418.6
dqn,11,300000,5,-29.0597934,23.457415457745487,-20.172464,-62.766667,0.946372,810.8
dqn,11,325000,5,-19.255013800000004,60.19377135916548,-58.454717,-70.553943,89.591078,476.8
dqn,11,350000,5,106.1270742,34.02924547658121,103.773585,64.037855,153.623188,1000.0
dqn,11,375000,5,22.163717399999996,143.66138259967713,-67.391304,-93.690852,275.464684,1000.0
dqn,11,400000,5,99.628097,77.13482687400315,127.129338,-9.433962,197.101449,1000.0
dqn,11,425000,5,-79.43821840000001,17.219427544936384,-92.45283,-93.64511,-51.672862,863.2
dqn,11,450000,5,-70.4937186,22.285012146389345,-77.777778,-92.753623,-36.802974,1000.0
dqn,11,475000,5,35.43764339999999,79.96254257030714,16.666667,-46.37224,171.73913,1000.0
dqn,11,500000,5,-24.4289592,65.36756680923459,-34.782609,-93.690852,71.003717,1000.0
dqn,11,525000,5,10.263133,34.89366904466335,0.0,-27.536232,74.72119,1000.0
dqn,11,550000,5,268.1995122,264.77422451972456,327.777778,-42.028986,610.037175,1000.0
dqn,11,575000,5,157.38960600000001,204.99503287379207,175.0,-55.835962,517.100372,1000.0
dqn,11,600000,5,545.0685769999999,189.70395478161169,643.396226,288.888889,780.434783,1000.0
dqn,11,625000,5,246.90809200000004,231.99648459154915,207.971014,-84.90566,580.297398,1000.0
dqn,11,650000,5,183.8411342,287.206276703951,30.555556,-88.679245,563.043478,1000.0
dqn,11,675000,5,187.2415356,246.92100134497323,213.888889,-92.753623,505.947955,1000.0
dqn,11,700000,5,196.18604019999998,340.3744858345656,-47.222222,-93.690852,693.478261,1000.0
dqn,11,725000,5,41.0643894,163.388441986874,-88.679245,-90.536278,290.334572,1000.0
dqn,11,750000,5,-70.3527952,8.578269947865792,-67.391304,-84.227129,-59.107807,1000.0
dqn,11,775000,5,107.9239352,122.95617520932143,186.231884,-52.777778,235.849057,1000.0
dqn,11,800000,5,380.59028159999997,156.94422145215444,386.111111,174.44795,557.992565,1000.0
dqn,11,825000,5,181.9783072,131.75651685495862,202.777778,-13.207547,367.391304,1000.0
dqn,11,850000,5,74.0160436,106.57988105838088,44.981413,-43.217666,218.84058,1000.0
dqn,11,875000,5,241.12455920000002,242.47498943002333,78.438662,25.0,564.150943,1000.0
dqn,11,900000,5,19.0176452,109.48378461124862,-27.777778,-92.565056,164.150943,1000.0
dqn,11,925000,5,298.3848588,197.9007621729575,300.630915,-19.444444,586.792453,1000.0
dqn,11,950000,5,193.588802,258.7896144157409,38.801262,-70.260223,555.797101,1000.0
dqn,11,975000,5,203.27668480000003,236.73684367154712,152.777778,-54.716981,534.057971,1000.0
dqn,11,1000000,5,28.133198799999995,115.25969878465457,-47.169811,-55.835962,245.724907,1000.0
dqn,12,25000,5,-24.595013800000004,50.288703765114995,-57.254717,-70.253943,61.491078,330.4
dqn,12,50000,5,-89.47215,4.335627590784665,-92.45283,-93.690852,-83.333333,1000.0
dqn,12,75000,5,-45.4638796,66.33399196563983,-93.291304,-101.963407,61.591078,272.0
dqn,12,100000,5,-57.50264440000001,31.86069235130774,-55.835962,-94.444444,-20.754717,1000.0
dqn,12,125000,5,-24.1350138,49.966870751643945,-56.454717,-69.553943,61.591078,325.8
dqn,12,150000,5,-93.18136100000001,0.7679204140534365,-92.753623,-94.444444,-92.45283,1000.0
dqn,12,175000,5,-88.9608218,3.8451464423561523,-87.381703,-94.444444,-84.90566,1000.0
dqn,12,200000,5,-91.6943722,3.356653361964828,-92.753623,-94.444444,-85.130112,1000.0
dqn,12,225000,5,-67.858127,21.14295446470921,-55.835962,-94.444444,-47.169811,1000.0
dqn,12,250000,5,-93.18136100000001,0.7679204140534365,-92.753623,-94.444444,-92.45283,1000.0
dqn,12,275000,5,91.0346578,87.03972459447198,52.173913,-2.208202,249.442379,1000.0
dqn,12,300000,5,61.433695,79.5645473755555,41.666667,-9.42029,215.98513,1000.0
dqn,12,325000,5,-87.4814672,5.403362748550034,-87.381703,-94.444444,-81.132075,1000.0
dqn,12,350000,5,-17.0722558,63.83646232266126,-50.928302,-63.508517,108.178439,426.6
dqn,12,375000,5,-28.1267094,25.56092078352095,-32.075472,-56.521739,18.959108,1000.0
dqn,12,400000,5,-27.102808600000003,12.525626139970404,-22.222222,-46.37224,-10.780669,1000.0
dqn,12,425000,5,-68.0204936,12.367757721813597,-71.608833,-83.333333,-50.943396,1000.0
dqn,12,450000,5,-86.362722,1.5358410243752483,-85.507246,-88.888889,-84.90566,1000.0
dqn,12,475000,5,-57.17234559999999,19.476528985630516,-49.275362,-90.536278,-36.111111,1000.0
dqn,12,500000,5,118.54439240000002,60.5375482982604,117.665615,34.403717,216.981132,873.4
dqn,12,525000,5,89.20777700000001,57.778703140178386,92.429022,19.444444,178.985507,1000.0
dqn,12,550000,5,62.9828182,147.802849135014,-23.913043,-61.111111,341.509434,1000.0
dqn,12,575000,5,94.965448,157.86692387692162,55.555556,-92.753623,341.509434,1000.0
dqn,12,600000,5,-17.7780104,17.64414400031984,-16.981132,-35.244444,13.756134,868.8
dqn,12,625000,5,-20.920715199999997,58.91468584851293,-34.782609,-81.072555,74.72119,1000.0
dqn,12,650000,5,330.0244016,197.7681675049086,375.836431,11.111111,549.056604,1000.0
dqn,12,675000,5,425.02430380000004,400.54568821011037,466.037736,-93.690852,866.542751,1000.0
dqn,12,700000,5,334.7094638,263.1317394766523,284.858044,61.111111,794.927536,1000.0
dqn,12,725000,5,232.51008919999998,237.62645252346397,394.444444,-92.45283,448.895899,992.8
dqn,12,750000,5,579.507025,166.31793627873614,524.535316,411.041009,849.275362,1000.0
dqn,12,775000,5,395.8820482,368.9854195763683,438.888889,-30.599369,836.802974,1000.0
dqn,12,800000,5,703.9216389999999,194.88029880469225,832.075472,392.113565,889.130435,1000.0
dqn,12,825000,5,426.97668919999995,261.34488250998317,303.122713,170.466667,908.8,956.6
dqn,12,850000,5,494.9885287999999,220.01875808928997,407.886435,266.666667,904.1,991.8
dqn,12,875000,5,42.042389199999995,222.13662474772437,-63.768116,-81.412639,486.111111,1000.0
dqn,12,900000,5,407.1603022,361.6953152334613,320.295584,-88.679245,900.3,965.6
dqn,12,925000,5,297.9344054,296.0171586807413,299.518868,-89.130435,814.498141,949.0
dqn,12,950000,5,422.2327348,379.5954519034681,448.895899,-33.333333,905.0,990.0
dqn,12,975000,5,217.1402456,401.02921561312553,-81.132075,-93.690852,900.5,999.0
dqn,12,1000000,5,-57.204108399999996,5.076897617115973,-55.390335,-63.768116,-50.0,1000.0
dqn,13,25000,5,-67.858127,21.14295446470921,-55.835962,-94.444444,-47.169811,1000.0
dqn,13,50000,5,-85.40358340000002,14.930406625872097,-92.565056,-93.690852,-55.555556,1000.0
dqn,13,75000,5,-81.6543524,2.255608240164024,-81.884058,-84.227129,-77.695167,1000.0
dqn,13,100000,5,-93.18136100000001,0.7679204140534365,-92.753623,-94.444444,-92.45283,1000.0
dqn,13,125000,5,-93.18136100000001,0.7679204140534365,-92.753623,-94.444444,-92.45283,1000.0
dqn,13,150000,5,-73.59678679999999,11.011442122077334,-71.608833,-92.565056,-62.264151,1000.0
dqn,13,175000,5,-93.18136100000001,0.7679204140534365,-92.753623,-94.444444,-92.45283,1000.0
dqn,13,200000,5,-77.41495699999999,3.53496356826392,-77.917981,-83.333333,-73.584906,1000.0
dqn,13,225000,5,-93.18136100000001,0.7679204140534365,-92.753623,-94.444444,-92.45283,1000.0
dqn,13,250000,5,-9.9228016,60.20317716910374,-52.898551,-62.14511,89.591078,1000.0
dqn,13,275000,5,-93.18136100000001,0.7679204140534365,-92.753623,-94.444444,-92.45283,1000.0
dqn,13,300000,5,-28.849892599999997,42.65077244774291,-50.443478,-75.908517,46.62119,340.4
dqn,13,325000,5,7.1461742,31.091405700180232,5.660377,-42.028986,56.133829,1000.0
dqn,13,350000,5,-10.4354184,42.43877983256042,-13.043478,-84.653943,32.075472,902.0
dqn,13,375000,5,169.9202832,65.26010143841968,130.283912,94.444444,249.442379,1000.0
dqn,13,400000,5,-26.288919800000002,38.09035441685283,-5.362776,-77.695167,13.207547,1000.0
dqn,13,425000,5,29.3625356,101.83544626797759,8.333333,-102.544795,167.657993,950.4
dqn,13,450000,5,-46.75345180000001,31.407246771784887,-68.728302,-76.253943,-0.171004,409.0
dqn,13,475000,5,-49.781925,26.52413067766731,-42.028986,-94.444444,-18.215613,1000.0
dqn,13,500000,5,113.18663719999999,175.76861164670396,201.115242,-94.444444,337.735849,1000.0
dqn,13,525000,5,107.32562520000002,104.2292785398357,89.591078,-16.666667,269.811321,1000.0
dqn,13,550000,5,-8.2388412,77.84734787819515,-16.981132,-92.753623,100.743494,1000.0
dqn,13,575000,5,-27.757027200000003,15.73540996273815,-33.085502,-42.028986,2.777778,1000.0
dqn,13,600000,5,-48.571695600000005,89.53024634072467,-92.753623,-94.444444,130.483271,1000.0
dqn,13,625000,5,209.17006300000003,129.55434750322067,201.115242,-14.826498,364.150943,1000.0
dqn,13,650000,5,-67.6155818,37.535828851583595,-86.111111,-89.130435,7.255521,1000.0
dqn,13,675000,5,69.2988144,209.01072181734165,-84.227129,-92.753623,431.598513,1000.0
dqn,13,700000,5,340.55072759999996,208.71281880399818,421.73913,-39.622642,557.992565,1000.0
dqn,13,725000,5,286.31305940000004,290.14005831240166,276.150943,-94.444444,784.057971,927.8
dqn,13,750000,5,406.56654799999995,187.60619547861677,472.222222,86.908696,650.929368,991.6
dqn,13,775000,5,-75.188397,11.438976614544169,-69.444444,-89.130435,-62.14511,1000.0
dqn,13,800000,5,288.5812846,272.91792250766906,286.6171,-46.37224,669.811321,1000.0
dqn,13,825000,5,329.7884852,166.855240572313,378.26087,13.888889,476.208178,1000.0
dqn,13,850000,5,-50.710634000000006,14.57557635949064,-50.943396,-72.222222,-29.36803,1000.0
dqn,13,875000,5,458.10097299999995,126.3203747521442,548.550725,253.312303,569.144981,1000.0
dqn,13,900000,5,117.5819266,220.2872186427268,-31.15942,-92.45283,476.208178,1000.0
dqn,13,925000,5,-51.5892468,18.999349202899907,-45.652174,-81.072555,-25.0,1000.0
dqn,13,950000,5,-54.6368082,37.192133843449405,-67.391304,-87.381703,13.888889,1000.0
dqn,13,975000,5,-47.7252116,53.15526385397414,-55.835962,-92.753623,52.416357,1000.0
dqn,13,1000000,5,-2.639478200000005,132.43988583791742,-45.652174,-93.690852,258.333333,1000.0
ppo,10,25000,5,-23.7550138,50.05759788123569,-56.154717,-69.253943,62.091078,322.0
ppo,10,50000,5,156.9360496,125.2405334214798,139.747634,0.933333,356.603774,729.2
ppo,10,75000,5,356.2241844,204.19531441930548,306.940063,123.048327,722.463768,1000.0
ppo,10,100000,5,719.0288241999999,135.8953361397571,775.471698,474.132492,847.95539,1000.0
ppo,10,125000,5,300.889576,199.96310208041456,313.945283,63.568773,650.0,846.4
ppo,10,150000,5,-86.362722,1.5358410243752483,-85.507246,-88.888889,-84.90566,1000.0
ppo,10,175000,5,-39.806444799999994,16.68813234025286,-36.908517,-69.444444,-23.913043,1000.0
ppo,10,200000,5,-36.8350138,50.39016002506334,-23.913043,-100.053943,37.591078,652.6
ppo,10,225000,5,106.14742840000001,103.69919485985403,65.775079,-17.966667,273.924528,763.4
ppo,10,250000,5,312.89413619999993,151.36241754235633,296.226415,119.444444,581.15942,1000.0
ppo,10,275000,5,229.68638719999998,264.54964876277785,117.848265,-36.166667,689.855072,823.4
ppo,10,300000,5,233.36550160000002,213.06963429052067,199.684543,-0.0,592.028986,1000.0
ppo,10,325000,5,39.2124576,56.649289388202874,8.333333,-9.42029,142.902208,1000.0
ppo,10,350000,5,147.83059980000002,170.3610036840825,82.156134,-24.528302,457.971014,1000.0
ppo,10,375000,5,313.1611864,110.6914485864663,268.02974,218.84058,530.188679,1000.0
ppo,10,400000,5,38.309953799999995,127.98781682450294,-39.622642,-49.526814,286.6171,1000.0
ppo,10,425000,5,332.71201099999996,262.6462185481547,347.949527,36.111111,771.698113,1000.0
ppo,10,450000,5,565.3300962000001,228.99102508643824,435.315985,350.0,878.26087,1000.0
ppo,10,475000,5,443.91011359999993,292.6166999596131,420.504732,100.743494,805.797101,1000.0
ppo,10,500000,5,159.60766640000003,161.22298154471437,71.003717,5.072464,401.886792,1000.0
ppo,10,525000,5,196.36302759999998,100.5593701744166,212.302839,52.777778,327.536232,1000.0
ppo,10,550000,5,47.7645632,58.6106438612604,9.433962,-5.362776,141.635688,1000.0
ppo,10,575000,5,364.61596499999996,270.4413872366336,379.495268,61.111111,758.695652,1000.0
ppo,10,600000,5,499.378568,157.89950319462824,409.433962,372.222222,784.057971,1000.0
ppo,10,625000,5,451.77049139999997,157.21314725222464,435.849057,263.888889,693.478261,1000.0
ppo,10,650000,5,420.8162888,244.14809769078877,382.649842,75.0,697.101449,1000.0
ppo,10,675000,5,541.8187746,139.02579413916752,606.319703,330.555556,722.641509,1000.0
ppo,10,700000,5,624.4829782,185.9026011152605,533.962264,436.111111,852.898551,1000.0
ppo,10,725000,5,472.63902599999994,212.67559276702244,376.340694,241.666667,863.768116,1000.0
ppo,10,750000,5,450.2587716,292.33115327017117,373.18612,30.555556,838.405797,1000.0
ppo,10,775000,5,422.417341,369.560688330414,429.968454,-61.111111,881.884058,1000.0
ppo,10,800000,5,375.3774648,355.48274943771935,341.640379,-61.111111,885.507246,1000.0
ppo,10,825000,5,724.9445069999999,116.45843905095062,788.475836,525.0,838.405797,1000.0
ppo,10,850000,5,592.1549202,320.1218636770752,788.475836,44.444444,889.130435,1000.0
ppo,10,875000,5,591.4339400000001,190.7167827753572,729.710145,327.777778,773.605948,1000.0
ppo,10,900000,5,528.158503,210.95661241823063,671.73913,180.555556,721.561338,1000.0
ppo,10,925000,5,448.25142840000007,255.60781398065618,388.958991,63.568773,756.603774,1000.0
ppo,10,950000,5,359.72572199999996,305.50187206114356,379.495268,-5.797101,706.69145,1000.0
ppo,10,975000,5,552.3614466,150.81432063904444,580.297398,291.666667,703.773585,1000.0
ppo,10,1000000,5,440.4267988,73.14300328432981,404.731861,356.603774,541.304348,1000.0
ppo,11,25000,5,152.62083,202.8303218667316,58.173606,-65.253943,485.066667,441.4
ppo,11,50000,5,274.0844412,295.4318934783326,190.22082,-5.4,827.536232,630.0
ppo,11,75000,5,390.74623060000005,228.5231308972075,357.413249,89.591078,798.550725,1000.0
ppo,11,100000,5,208.7498542,212.27713150461878,194.339623,-5.555556,595.652174,1000.0
ppo,11,125000,5,315.7313612,292.4639463313893,284.694953,36.111111,863.768116,824.6
ppo,11,150000,5,618.2681224,329.91244936440506,775.471698,-11.577778,926.6,814.6
ppo,11,175000,5,369.6224902,313.59637639682893,376.340694,-1.288889,867.391304,824.4
ppo,11,200000,5,517.2669734,332.2199748593385,657.097792,82.156134,852.898551,1000.0
ppo,11,225000,5,530.5831482000001,304.5946401911611,486.750789,111.111111,921.8,956.4
ppo,11,250000,5,338.1505098,348.06557558237563,155.555556,-35.849057,902.6,994.8
ppo,11,275000,5,529.943162,189.6097419808022,468.427509,303.039623,860.144928,977.0
ppo,11,300000,5,542.7613168,180.36051462920233,439.432177,379.245283,863.768116,1000.0
ppo,11,325000,5,671.800872,144.54315756583773,677.777778,508.832808,873.977695,946.6
ppo,11,350000,5,535.0015698,294.26279369384616,398.422713,141.666667,889.130435,1000.0
ppo,11,375000,5,656.9225426,163.69649047297665,694.444444,401.577287,856.521739,997.0
ppo,11,400000,5,746.3131088,110.8611227194133,813.207547,594.006309,855.390335,1000.0
ppo,11,425000,5,667.0192264,249.48428324311334,858.490566,313.888889,878.26087,1000.0
ppo,11,450000,5,673.5290076,217.34333971094978,758.695652,408.333333,910.3,979.4
ppo,11,475000,5,547.5706444,326.5539212868407,663.40694,44.444444,926.6,946.8
ppo,11,500000,5,845.8266848,36.37960462244707,840.063091,791.666667,896.282528,1000.0
ppo,11,525000,5,690.0236198,169.66372741983275,616.088328,462.264151,896.282528,1000.0
ppo,11,550000,5,504.00695260000003,266.1723215517001,409.433962,199.684543,825.650558,1000.0
ppo,11,575000,5,679.3191569999999,215.02025854155517,798.113208,388.958991,924.6,950.8
ppo,11,600000,5,535.6267552,231.60612001074503,509.665428,188.888889,871.014493,1000.0
ppo,11,625000,5,542.9887951999999,234.8066312386912,369.444444,333.962264,834.782609,1000.0
ppo,11,650000,5,597.308331,277.1146428334851,679.179811,65.326022,854.716981,863.6
ppo,11,675000,5,609.5388479999999,279.0926246661409,801.886792,147.222222,849.275362,1000.0
ppo,11,700000,5,813.4409184,169.69078007860685,906.9,477.777778,920.1,920.2
ppo,11,725000,5,660.1997748,333.13940577832904,790.566038,3.833333,885.507246,859.2
ppo,11,750000,5,498.571255,360.13942630288756,660.252366,36.111111,867.391304,1000.0
ppo,11,775000,5,481.99725480000006,254.82699838666443,405.660377,108.178439,842.028986,1000.0
ppo,11,800000,5,846.4755293999999,54.56363641818282,881.072555,775.0,908.1,983.8
ppo,11,825000,5,788.6077932000001,91.69936412159167,843.396226,669.444444,881.884058,1000.0
ppo,11,850000,5,509.2627784,329.80020260012054,379.495268,28.351301,892.45283,863.2
ppo,11,875000,5,631.0633408000001,312.28773005212304,816.666667,36.111111,877.695167,1000.0
ppo,11,900000,5,723.7418101999999,344.3883963352166,892.45283,36.111111,923.1,944.0
ppo,11,925000,5,625.6080530000002,240.38542791940102,586.111111,356.603774,920.7,958.6
ppo,11,950000,5,852.5155834000001,47.20542979537862,858.490566,786.111111,922.3,955.4
ppo,11,975000,5,832.5453428000001,61.04403573053986,839.622642,723.343849,904.5,991.0
ppo,11,1000000,5,831.0676646,112.55149881079637,889.130435,613.888889,926.0,948.0
ppo,12,25000,5,226.6943786,132.06386324068004,145.35316,111.111111,439.855072,1000.0
ppo,12,50000,5,119.3842478,84.58869323797806,146.056782,-22.455556,233.333333,865.6
ppo,12,75000,5,626.7561026,254.37189287521613,710.725552,216.666667,914.7,970.6
ppo,12,100000,5,444.3122972,289.78606112387746,479.925651,-39.622642,863.768116,1000.0
ppo,12,125000,5,465.22050980000006,288.5666795760468,441.666667,30.073606,842.028986,848.8
ppo,12,150000,5,561.2358612,194.33192565852536,602.60223,302.777778,842.028986,1000.0
ppo,12,175000,5,677.2004442,180.30477587188494,741.666667,390.566038,922.3,955.4
ppo,12,200000,5,-93.18136100000001,0.7679204140534365,-92.753623,-94.444444,-92.45283,1000.0
ppo,12,225000,5,-93.18136100000001,0.7679204140534365,-92.753623,-94.444444,-92.45283,1000.0
ppo,12,250000,5,-39.8529424,44.49768431579128,-47.169811,-87.381703,34.057971,1000.0
ppo,12,275000,5,27.030723000000002,56.79263928688767,36.111111,-79.789855,85.873606,919.2
ppo,12,300000,5,-10.937001200000001,29.918389120430486,-20.289855,-40.063091,44.52119,718.8
ppo,12,325000,5,270.9069886,278.2119426716069,105.047319,30.555556,784.057971,1000.0
ppo,12,350000,5,-66.7261878,14.634876511526507,-63.888889,-84.227129,-44.237918,1000.0
ppo,12,375000,5,-42.1321644,16.4248028845866,-47.169811,-58.990536,-10.780669,1000.0
ppo,12,400000,5,49.957879999999996,80.82041356551954,16.666667,-17.981073,204.347826,1000.0
ppo,12,425000,5,55.7417148,113.74226159263861,33.333333,-55.835962,255.072464,1000.0
ppo,12,450000,5,319.2426896,224.6066219807711,385.804416,30.555556,631.884058,1000.0
ppo,12,475000,5,287.78548820000003,291.90766873825487,133.438486,27.777778,823.913043,1000.0
ppo,12,500000,5,300.6518448,299.70026938770457,190.22082,13.888889,852.898551,1000.0
ppo,12,525000,5,433.3363196,265.7299080556937,379.245283,158.333333,863.768116,1000.0
ppo,12,550000,5,264.1683302,313.78997373074594,171.293375,-41.666667,838.405797,1000.0
ppo,12,575000,5,437.86640879999993,193.66097824971146,404.731861,186.111111,780.434783,1000.0
ppo,12,600000,5,454.4987172,250.98475585697136,435.849057,38.888889,816.666667,1000.0
ppo,12,625000,5,305.1838916,259.48027093306695,345.283019,11.111111,733.333333,1000.0
ppo,12,650000,5,287.695631,252.94910333516853,307.54717,25.0,722.463768,1000.0
ppo,12,675000,5,410.0880418,328.7095626223863,373.18612,32.344444,885.507246,974.4
ppo,12,700000,5,328.1394644,264.40470904227135,269.085174,38.888889,765.942029,1000.0
ppo,12,725000,5,328.01735399999995,264.867754281296,360.377358,19.444444,765.942029,1000.0
ppo,12,750000,5,295.5408592,271.49852552897596,285.498113,-29.266667,758.695652,898.0
ppo,12,775000,5,258.69274800000005,233.43876181588604,193.375394,30.555556,668.115942,1000.0
ppo,12,800000,5,326.8152274,250.20700039676157,383.018868,33.333333,729.710145,1000.0
ppo,12,825000,5,322.872201,255.00081878539856,367.924528,30.555556,744.202899,1000.0
ppo,12,850000,5,251.8910382,228.35900769622657,130.283912,33.333333,657.246377,1000.0
ppo,12,875000,5,245.8327318,211.97014239469078,168.138801,27.777778,621.014493,1000.0
ppo,12,900000,5,444.61872059999996,135.6911907560262,469.811321,244.444444,624.637681,1000.0
ppo,12,925000,5,248.08699740000003,230.62900064101896,105.047319,27.777778,646.376812,1000.0
ppo,12,950000,5,494.1831872000001,144.97659997275923,477.358491,280.555556,654.64684,1000.0
ppo,12,975000,5,509.06927320000005,166.50995474331097,481.132075,309.431861,729.710145,990.8
ppo,12,1000000,5,501.1196744,149.4930142438764,601.886792,255.555556,632.342007,1000.0
ppo,13,25000,5,5.879374599999998,39.91388973718687,-16.666667,-27.444795,82.156134,1000.0
ppo,13,50000,5,3.1777135999999997,21.868924803160713,-1.886792,-30.599369,27.777778,1000.0
ppo,13,75000,5,266.213827,238.30864867219518,330.555556,-17.981073,573.913043,1000.0
ppo,13,100000,5,367.14224320000005,302.1927788385888,313.341009,51.833333,896.376812,958.8
ppo,13,125000,5,516.1028088,258.4121893858097,420.446097,250.157729,854.716981,1000.0
ppo,13,150000,5,725.6674892,103.93218092162265,650.943396,625.0,859.107807,1000.0
ppo,13,175000,5,610.4505608000001,289.81254375685904,732.807571,44.444444,860.144928,1000.0
ppo,13,200000,5,423.7999538,374.22859806178866,341.640379,5.555556,877.358491,1000.0
ppo,13,225000,5,742.8531218,155.54834539454555,818.215613,450.943396,889.130435,1000.0
ppo,13,250000,5,679.595713,318.39719901933523,829.36803,44.444444,871.014493,1000.0
ppo,13,275000,5,685.920568,344.6838482338627,873.584906,2.777778,908.6,982.8
ppo,13,300000,5,461.47794379999993,399.65640474474816,414.195584,2.777778,919.5,924.0
ppo,13,325000,5,744.9320258,171.86769352242018,843.396226,458.333333,914.5,971.0
ppo,13,350000,5,455.7286242,255.17839498218532,448.895899,71.003717,867.391304,1000.0
ppo,13,375000,5,719.4869075999999,182.4877636262285,859.107807,474.132492,877.358491,1000.0
ppo,13,400000,5,477.9100944,247.29763337927017,435.849057,123.048327,794.927536,1000.0
ppo,13,425000,5,677.7454654000001,268.6147204315561,838.405797,186.111111,896.226415,1000.0
ppo,13,450000,5,443.50185840000006,273.52088228775233,420.754717,33.333333,889.130435,1000.0
ppo,13,475000,5,507.3614824,117.89432635968836,457.971014,377.777778,663.40694,1000.0
ppo,13,500000,5,468.82733079999997,267.6688275904002,461.111111,39.50855,842.028986,907.8
ppo,13,525000,5,590.1184863999999,164.10554007402226,647.211896,375.471698,770.662461,1000.0
ppo,13,550000,5,327.248552,298.36371573230736,341.509434,16.666667,856.521739,1000.0
ppo,13,575000,5,517.5309169999999,177.58377278975348,443.396226,290.334572,769.565217,1000.0
ppo,13,600000,5,780.8232538,61.89758755482142,805.660377,679.179811,852.898551,1000.0
ppo,13,625000,5,626.2667464,135.63389036500465,561.710037,486.111111,860.144928,1000.0
ppo,13,650000,5,682.0901656,130.47101746883692,663.40694,541.509434,845.652174,1000.0
ppo,13,675000,5,440.0474424,342.0267913888392,398.422713,38.888889,856.521739,1000.0
ppo,13,700000,5,750.4846028,177.9729213085628,854.716981,447.222222,922.0,956.0
ppo,13,725000,5,451.57236439999997,339.3875475395753,455.205047,47.222222,856.521739,1000.0
ppo,13,750000,5,388.118845,258.48544055973457,360.377358,97.026022,860.144928,1000.0
ppo,13,775000,5,648.758044,143.32098340002085,617.472119,430.555556,858.490566,1000.0
ppo,13,800000,5,557.2436272000001,281.01749947050325,594.006309,77.777778,860.144928,1000.0
ppo,13,825000,5,676.90496,137.11079634736694,669.516729,469.444444,871.014493,1000.0
ppo,13,850000,5,779.464398,99.94154237602008,777.777778,622.397476,888.847584,1000.0
ppo,13,875000,5,524.0931786,296.48019528651594,565.615142,35.126022,843.396226,924.0
ppo,13,900000,5,694.843863,273.6758310113354,842.028986,183.333333,926.4,947.2
ppo,13,925000,5,705.8681874,155.99410618873438,752.777778,432.075472,863.768116,1000.0
ppo,13,950000,5,534.1006164,309.04515524000544,565.427509,-1.966667,850.943396,870.8
ppo,13,975000,5,781.6149658,100.28226773901265,843.396226,600.0,860.144928,1000.0
ppo,13,1000000,5,812.5292406,49.2237483437665,783.280757,758.736059,889.130435,1000.0
